"Crawled Time","ASIN","Author","NumberOfPages","Publisher","FormattedPrice","Title","PublicationDate","SalesRank","DetailPageURL"
"06/27/2015 - 21:17:22","031640702X","James Patterson: Maxine Paetro","384","Little, Brown and Company","$28.00","14th Deadly Sin (Women's Murder Club)","2015-05-04","463","http://www.amazon.com/14th-Deadly-Womens-Murder-Club/dp/031640702X%3FSubscriptionId%3DAKIAIRPO7XSMIHVQQ3BQ%26tag%3Damericakartco-20%26linkCode%3Dxm2%26camp%3D2025%26creative%3D165953%26creativeASIN%3D031640702X"
"06/27/2015 - 21:17:22","0316407011","James Patterson: Howard Roughan","416","Little, Brown and Company","$28.00","Truth or Die","2015-06-22","256","http://www.amazon.com/Truth-Die-James-Patterson/dp/0316407011%3FSubscriptionId%3DAKIAIRPO7XSMIHVQQ3BQ%26tag%3Damericakartco-20%26linkCode%3Dxm2%26camp%3D2025%26creative%3D165953%26creativeASIN%3D0316407011"
"06/27/2015 - 21:17:22","0316410977","James Patterson: Peter de Jonge","240","Little, Brown and Company","$26.00","Miracle at Augusta","2015-04-06","959","http://www.amazon.com/Miracle-at-Augusta-James-Patterson/dp/0316410977%3FSubscriptionId%3DAKIAIRPO7XSMIHVQQ3BQ%26tag%3Damericakartco-20%26linkCode%3Dxm2%26camp%3D2025%26creative%3D165953%26creativeASIN%3D0316410977"
"06/27/2015 - 21:17:22","1455591238","James Patterson: Michael Ledwidge","400","Grand Central Publishing","$8.00","Zoo","2015-05-26","531","http://www.amazon.com/Zoo-James-Patterson/dp/1455591238%3FSubscriptionId%3DAKIAIRPO7XSMIHVQQ3BQ%26tag%3Damericakartco-20%26linkCode%3Dxm2%26camp%3D2025%26creative%3D165953%26creativeASIN%3D1455591238"
"06/27/2015 - 21:17:22","0316207500","James Patterson","400","Little, Brown and Company","$19.00","Maximum Ride Forever","2015-05-18","2127","http://www.amazon.com/Maximum-Ride-Forever-James-Patterson/dp/0316207500%3FSubscriptionId%3DAKIAIRPO7XSMIHVQQ3BQ%26tag%3Damericakartco-20%26linkCode%3Dxm2%26camp%3D2025%26creative%3D165953%26creativeASIN%3D0316207500"
"06/27/2015 - 21:17:22","0316407038","James Patterson: Michael Ledwidge","400","Little, Brown and Company","$28.00","Alert (Michael Bennett)","2015-08-03","2795","http://www.amazon.com/Alert-Michael-Bennett-James-Patterson/dp/0316407038%3FSubscriptionId%3DAKIAIRPO7XSMIHVQQ3BQ%26tag%3Damericakartco-20%26linkCode%3Dxm2%26camp%3D2025%26creative%3D165953%26creativeASIN%3D0316407038"
"06/27/2015 - 21:17:22","0316284777","James Patterson: Chris Tebbetts","320","Little, Brown and Company","$13.99","Middle School: Just My Rotten Luck","2015-06-22","519","http://www.amazon.com/Middle-School-Just-Rotten-Luck/dp/0316284777%3FSubscriptionId%3DAKIAIRPO7XSMIHVQQ3BQ%26tag%3Damericakartco-20%26linkCode%3Dxm2%26camp%3D2025%26creative%3D165953%26creativeASIN%3D0316284777"
"06/27/2015 - 21:17:22","1455515825","James Patterson","416","Grand Central Publishing","$16.00","Hope to Die (Alex Cross)","2015-05-19","1742","http://www.amazon.com/Hope-Alex-Cross-James-Patterson/dp/1455515825%3FSubscriptionId%3DAKIAIRPO7XSMIHVQQ3BQ%26tag%3Damericakartco-20%26linkCode%3Dxm2%26camp%3D2025%26creative%3D165953%26creativeASIN%3D1455515825"
"06/27/2015 - 21:17:22","0316407046","James Patterson","448","Little, Brown and Company","$29.00","Cross Justice (Alex Cross)","2015-11-23","3997","http://www.amazon.com/Cross-Justice-Alex-James-Patterson/dp/0316407046%3FSubscriptionId%3DAKIAIRPO7XSMIHVQQ3BQ%26tag%3Damericakartco-20%26linkCode%3Dxm2%26camp%3D2025%26creative%3D165953%26creativeASIN%3D0316407046"
"06/27/2015 - 21:17:22","0316406996","James Patterson: Marshall Karp","384","Little, Brown and Company","$28.00","NYPD Red 3","2015-03-16","2805","http://www.amazon.com/NYPD-Red-3-James-Patterson/dp/0316406996%3FSubscriptionId%3DAKIAIRPO7XSMIHVQQ3BQ%26tag%3Damericakartco-20%26linkCode%3Dxm2%26camp%3D2025%26creative%3D165953%26creativeASIN%3D0316406996"
"06/27/2015 - 21:17:22","1455516007","James Patterson: Maxine Paetro","416","Grand Central Publishing","$16.00","Unlucky 13 (Women's Murder Club)","2015-01-13","2248","http://www.amazon.com/Unlucky-13-Womens-Murder-Club/dp/1455516007%3FSubscriptionId%3DAKIAIRPO7XSMIHVQQ3BQ%26tag%3Damericakartco-20%26linkCode%3Dxm2%26camp%3D2025%26creative%3D165953%26creativeASIN%3D1455516007"
"06/27/2015 - 21:17:22","0316405930","James Patterson: Chris Grabenstein","336","Little, Brown and Company","$13.99","I Totally Funniest: A Middle School Story (I Funny)","2015-01-26","3917","http://www.amazon.com/Totally-Funniest-Middle-School-Story/dp/0316405930%3FSubscriptionId%3DAKIAIRPO7XSMIHVQQ3BQ%26tag%3Damericakartco-20%26linkCode%3Dxm2%26camp%3D2025%26creative%3D165953%26creativeASIN%3D0316405930"
"06/27/2015 - 21:17:22","0316101699","James Patterson: Chris Tebbetts","336","Little, Brown and Company","$8.00","Middle School, The Worst Years of My Life","2012-11-06","2561","http://www.amazon.com/Middle-School-Worst-Years-Life/dp/0316101699%3FSubscriptionId%3DAKIAIRPO7XSMIHVQQ3BQ%26tag%3Damericakartco-20%26linkCode%3Dxm2%26camp%3D2025%26creative%3D165953%26creativeASIN%3D0316101699"
"06/27/2015 - 21:17:22","0316410985","James Patterson: David Ellis","480","Little, Brown and Company","$28.00","The Murder House","2015-09-28","4092","http://www.amazon.com/The-Murder-House-James-Patterson/dp/0316410985%3FSubscriptionId%3DAKIAIRPO7XSMIHVQQ3BQ%26tag%3Damericakartco-20%26linkCode%3Dxm2%26camp%3D2025%26creative%3D165953%26creativeASIN%3D0316410985"
"06/27/2015 - 21:17:22","031637086X","James Patterson: Chris Grabenstein","480","Little, Brown and Company","$14.99","Treasure Hunters: Danger Down the Nile","2014-09-01","3785","http://www.amazon.com/Treasure-Hunters-Danger-Down-Nile/dp/031637086X%3FSubscriptionId%3DAKIAIRPO7XSMIHVQQ3BQ%26tag%3Damericakartco-20%26linkCode%3Dxm2%26camp%3D2025%26creative%3D165953%26creativeASIN%3D031637086X"
"06/27/2015 - 21:17:22","0316405914","James Patterson: Chris Grabenstein","352","Little, Brown and Company","$13.99","House of Robots","2014-11-24","3225","http://www.amazon.com/House-Robots-James-Patterson/dp/0316405914%3FSubscriptionId%3DAKIAIRPO7XSMIHVQQ3BQ%26tag%3Damericakartco-20%26linkCode%3Dxm2%26camp%3D2025%26creative%3D165953%26creativeASIN%3D0316405914"
"06/27/2015 - 21:17:22","031620711X","James Patterson: Peter de Jonge","224","Back Bay Books","$13.99","Miracle on the 17th Green: A Novel","2012-05-15","4413","http://www.amazon.com/Miracle-17th-Green-A-Novel/dp/031620711X%3FSubscriptionId%3DAKIAIRPO7XSMIHVQQ3BQ%26tag%3Damericakartco-20%26linkCode%3Dxm2%26camp%3D2025%26creative%3D165953%26creativeASIN%3D031620711X"
"06/27/2015 - 21:17:22","1455585033","James Patterson: David Ellis","432","Grand Central Publishing","$16.00","Invisible","2015-02-24","3664","http://www.amazon.com/Invisible-James-Patterson/dp/1455585033%3FSubscriptionId%3DAKIAIRPO7XSMIHVQQ3BQ%26tag%3Damericakartco-20%26linkCode%3Dxm2%26camp%3D2025%26creative%3D165953%26creativeASIN%3D1455585033"
"06/27/2015 - 21:17:22","0316250910","James Patterson: Chris Tebbetts: Lisa Papademetriou","1184","Little, Brown and Company","$60.00: $16.12","Middle School Boxed Set","2013-10-15","5753","http://www.amazon.com/Middle-School-Boxed-James-Patterson/dp/0316250910%3FSubscriptionId%3DAKIAIRPO7XSMIHVQQ3BQ%26tag%3Damericakartco-20%26linkCode%3Dxm2%26camp%3D2025%26creative%3D165953%26creativeASIN%3D0316250910"
"06/27/2015 - 21:17:22","0316322148","James Patterson: Chris Tebbetts","304","Little, Brown and Company","$13.99","Public School Superhero","2015-03-16","5669","http://www.amazon.com/Public-School-Superhero-James-Patterson/dp/0316322148%3FSubscriptionId%3DAKIAIRPO7XSMIHVQQ3BQ%26tag%3Damericakartco-20%26linkCode%3Dxm2%26camp%3D2025%26creative%3D165953%26creativeASIN%3D0316322148"
"06/27/2015 - 21:17:22","1455521531","James Patterson: Marshall Karp","400","Vision","$10.00","NYPD Red","2014-01-14","3478","http://www.amazon.com/NYPD-Red-James-Patterson/dp/1455521531%3FSubscriptionId%3DAKIAIRPO7XSMIHVQQ3BQ%26tag%3Damericakartco-20%26linkCode%3Dxm2%26camp%3D2025%26creative%3D165953%26creativeASIN%3D1455521531"
"06/27/2015 - 21:17:22","1455515981","James Patterson: Marshall Karp","416","Grand Central Publishing","$16.00","NYPD Red 2","2014-12-23","12771","http://www.amazon.com/NYPD-Red-2-James-Patterson/dp/1455515981%3FSubscriptionId%3DAKIAIRPO7XSMIHVQQ3BQ%26tag%3Damericakartco-20%26linkCode%3Dxm2%26camp%3D2025%26creative%3D165953%26creativeASIN%3D1455515981"
"06/27/2015 - 21:17:22","1455515876","James Patterson: Michael Ledwidge","448","Grand Central Publishing","$16.00","Burn (Michael Bennett)","2015-04-07","4098","http://www.amazon.com/Burn-Michael-Bennett-James-Patterson/dp/1455515876%3FSubscriptionId%3DAKIAIRPO7XSMIHVQQ3BQ%26tag%3Damericakartco-20%26linkCode%3Dxm2%26camp%3D2025%26creative%3D165953%26creativeASIN%3D1455515876"
"06/27/2015 - 21:17:22","0316067954","James Patterson","464","Little, Brown and Company","$10.00","The Angel Experiment: A Maximum Ride Novel (Book 1)","2007-04-01","3365","http://www.amazon.com/The-Angel-Experiment-Maximum-Novel/dp/0316067954%3FSubscriptionId%3DAKIAIRPO7XSMIHVQQ3BQ%26tag%3Damericakartco-20%26linkCode%3Dxm2%26camp%3D2025%26creative%3D165953%26creativeASIN%3D0316067954"
"06/27/2015 - 21:17:22","0316206970","James Patterson: Chris Grabenstein","368","Little, Brown and Company","$13.99","I Even Funnier: A Middle School Story (I Funny)","2013-12-09","7227","http://www.amazon.com/Even-Funnier-Middle-School-Story/dp/0316206970%3FSubscriptionId%3DAKIAIRPO7XSMIHVQQ3BQ%26tag%3Damericakartco-20%26linkCode%3Dxm2%26camp%3D2025%26creative%3D165953%26creativeASIN%3D0316206970"
"06/27/2015 - 21:17:22","031621115X","James Patterson: Maxine Paetro","384","Little, Brown and Company","$28.00","Private Vegas","2015-01-26","4903","http://www.amazon.com/Private-Vegas-James-Patterson/dp/031621115X%3FSubscriptionId%3DAKIAIRPO7XSMIHVQQ3BQ%26tag%3Damericakartco-20%26linkCode%3Dxm2%26camp%3D2025%26creative%3D165953%26creativeASIN%3D031621115X"
"06/27/2015 - 21:17:22","0316322008","James Patterson: Chris Grabenstein","320","Little, Brown and Company","$13.99","I Funny: A Middle School Story","2013-12-09","4457","http://www.amazon.com/Funny-Middle-School-Story/dp/0316322008%3FSubscriptionId%3DAKIAIRPO7XSMIHVQQ3BQ%26tag%3Damericakartco-20%26linkCode%3Dxm2%26camp%3D2025%26creative%3D165953%26creativeASIN%3D0316322008"
"06/27/2015 - 21:17:22","1455515817","James Patterson","448","Grand Central Publishing","$16.00","Cross My Heart (Alex Cross)","2014-09-30","6758","http://www.amazon.com/Cross-My-Heart-Alex/dp/1455515817%3FSubscriptionId%3DAKIAIRPO7XSMIHVQQ3BQ%26tag%3Damericakartco-20%26linkCode%3Dxm2%26camp%3D2025%26creative%3D165953%26creativeASIN%3D1455515817"
"06/27/2015 - 21:17:22","031620756X","James Patterson: Chris Grabenstein: Mark Shulman","480","Little, Brown and Company","$14.99","Treasure Hunters","2013-09-16","5873","http://www.amazon.com/Treasure-Hunters-James-Patterson/dp/031620756X%3FSubscriptionId%3DAKIAIRPO7XSMIHVQQ3BQ%26tag%3Damericakartco-20%26linkCode%3Dxm2%26camp%3D2025%26creative%3D165953%26creativeASIN%3D031620756X"
"06/27/2015 - 21:17:22","0316284807","James Patterson: Chris Grabenstein","448","Little, Brown and Company","$14.99","Treasure Hunters: Secret of the Forbidden City","2015-09-14","7446","http://www.amazon.com/Treasure-Hunters-Secret-Forbidden-City/dp/0316284807%3FSubscriptionId%3DAKIAIRPO7XSMIHVQQ3BQ%26tag%3Damericakartco-20%26linkCode%3Dxm2%26camp%3D2025%26creative%3D165953%26creativeASIN%3D0316284807"
"06/27/2015 - 21:17:22","1455515795","James Patterson: Maxine Paetro","432","Grand Central Publishing","$15.00","12th of Never (Women's Murder Club)","2013-12-24","5825","http://www.amazon.com/12th-Never-Womens-Murder-Club/dp/1455515795%3FSubscriptionId%3DAKIAIRPO7XSMIHVQQ3BQ%26tag%3Damericakartco-20%26linkCode%3Dxm2%26camp%3D2025%26creative%3D165953%26creativeASIN%3D1455515795"
"06/27/2015 - 21:17:22","0446696617","James Patterson","432","Grand Central Publishing","$16.00","1st to Die (Women's Murder Club)","2005-05-20","9155","http://www.amazon.com/1st-Die-Womens-Murder-Club/dp/0446696617%3FSubscriptionId%3DAKIAIRPO7XSMIHVQQ3BQ%26tag%3Damericakartco-20%26linkCode%3Dxm2%26camp%3D2025%26creative%3D165953%26creativeASIN%3D0446696617"
"06/27/2015 - 21:17:22","0316322016","James Patterson: Chris Tebbetts","288","Little, Brown and Company","$13.99","Middle School: Get Me out of Here!","2014-03-31","10576","http://www.amazon.com/Middle-School-Get-out-Here/dp/0316322016%3FSubscriptionId%3DAKIAIRPO7XSMIHVQQ3BQ%26tag%3Damericakartco-20%26linkCode%3Dxm2%26camp%3D2025%26creative%3D165953%26creativeASIN%3D0316322016"
"06/27/2015 - 21:17:22","0316067962","James Patterson","448","Little, Brown and Company","$10.00","School's Out - Forever (Maximum Ride, Book 2)","2007-04-01","7666","http://www.amazon.com/Schools-Out-Forever-Maximum-Ride/dp/0316067962%3FSubscriptionId%3DAKIAIRPO7XSMIHVQQ3BQ%26tag%3Damericakartco-20%26linkCode%3Dxm2%26camp%3D2025%26creative%3D165953%26creativeASIN%3D0316067962"
"06/27/2015 - 21:17:22","0316407054","James Patterson: Mark Sullivan","400","Little, Brown and Company","$28.00","Private Paris","2016-01-25","21220","http://www.amazon.com/Private-Paris-James-Patterson/dp/0316407054%3FSubscriptionId%3DAKIAIRPO7XSMIHVQQ3BQ%26tag%3Damericakartco-20%26linkCode%3Dxm2%26camp%3D2025%26creative%3D165953%26creativeASIN%3D0316407054"
"06/27/2015 - 21:17:22","1455529753","James Patterson: Michael White","320","Vision","$10.00","Private Down Under","2015-03-31","7700","http://www.amazon.com/Private-Down-Under-James-Patterson/dp/1455529753%3FSubscriptionId%3DAKIAIRPO7XSMIHVQQ3BQ%26tag%3Damericakartco-20%26linkCode%3Dxm2%26camp%3D2025%26creative%3D165953%26creativeASIN%3D1455529753"
"06/27/2015 - 21:17:22","1455560820","James Patterson: Ashwin Sanghi","384","Grand Central Publishing","$16.00","Private India: City on Fire","2014-11-11","12790","http://www.amazon.com/Private-India-City-James-Patterson/dp/1455560820%3FSubscriptionId%3DAKIAIRPO7XSMIHVQQ3BQ%26tag%3Damericakartco-20%26linkCode%3Dxm2%26camp%3D2025%26creative%3D165953%26creativeASIN%3D1455560820"
"06/27/2015 - 21:17:22","0702051837","James W Patterson MD","1262","Elsevier","$379.00","Weedon's Skin Pathology, 4e","2015-03-06","70514","http://www.amazon.com/Weedons-Skin-Pathology-James-Patterson/dp/0702051837%3FSubscriptionId%3DAKIAIRPO7XSMIHVQQ3BQ%26tag%3Damericakartco-20%26linkCode%3Dxm2%26camp%3D2025%26creative%3D165953%26creativeASIN%3D0702051837"
"06/27/2015 - 21:17:22","145551585X","James Patterson: Michael Ledwidge","400","Vision","$10.00","Gone (Michael Bennett)","2014-12-16","10867","http://www.amazon.com/Gone-Michael-Bennett-James-Patterson/dp/145551585X%3FSubscriptionId%3DAKIAIRPO7XSMIHVQQ3BQ%26tag%3Damericakartco-20%26linkCode%3Dxm2%26camp%3D2025%26creative%3D165953%26creativeASIN%3D145551585X"
"06/27/2015 - 21:17:22","1455547743","James Patterson: Maxine Paetro","352","Grand Central Publishing","$8.00","Confessions of a Murder Suspect","2014-05-27","9939","http://www.amazon.com/Confessions-Murder-Suspect-James-Patterson/dp/1455547743%3FSubscriptionId%3DAKIAIRPO7XSMIHVQQ3BQ%26tag%3Damericakartco-20%26linkCode%3Dxm2%26camp%3D2025%26creative%3D165953%26creativeASIN%3D1455547743"
"06/27/2015 - 21:17:22","0316322121","James Patterson: Chris Tebbetts","288","Little, Brown and Company","$13.99","Middle School: Save Rafe!","2014-06-23","6356","http://www.amazon.com/Middle-School-Save-James-Patterson/dp/0316322121%3FSubscriptionId%3DAKIAIRPO7XSMIHVQQ3BQ%26tag%3Damericakartco-20%26linkCode%3Dxm2%26camp%3D2025%26creative%3D165953%26creativeASIN%3D0316322121"
"06/27/2015 - 21:17:22","0316101745","James Patterson","368","Little, Brown and Company","$10.00","Nevermore: A Maximum Ride Novel","2014-02-25","8275","http://www.amazon.com/Nevermore-A-Maximum-Ride-Novel/dp/0316101745%3FSubscriptionId%3DAKIAIRPO7XSMIHVQQ3BQ%26tag%3Damericakartco-20%26linkCode%3Dxm2%26camp%3D2025%26creative%3D165953%26creativeASIN%3D0316101745"
"06/27/2015 - 21:17:22","0316370843","James Patterson: Maxine Paetro","320","Little, Brown and Company","$18.00","Confessions: The Paris Mysteries","2014-10-06","22283","http://www.amazon.com/Confessions-Paris-Mysteries-James-Patterson/dp/0316370843%3FSubscriptionId%3DAKIAIRPO7XSMIHVQQ3BQ%26tag%3Damericakartco-20%26linkCode%3Dxm2%26camp%3D2025%26creative%3D165953%26creativeASIN%3D0316370843"
"06/27/2015 - 21:17:22","0316322113","James Patterson: Julia Bergen","256","Little, Brown and Company","$13.99","Middle School: Ultimate Showdown","2014-03-31","8794","http://www.amazon.com/Middle-School-Ultimate-James-Patterson/dp/0316322113%3FSubscriptionId%3DAKIAIRPO7XSMIHVQQ3BQ%26tag%3Damericakartco-20%26linkCode%3Dxm2%26camp%3D2025%26creative%3D165953%26creativeASIN%3D0316322113"
"06/27/2015 - 21:17:22","0446194050","James Patterson","320","Grand Central Publishing","$8.00","The Final Warning: A Maximum Ride Novel (Book 4)","2009-02-01","13216","http://www.amazon.com/The-Final-Warning-Maximum-Novel/dp/0446194050%3FSubscriptionId%3DAKIAIRPO7XSMIHVQQ3BQ%26tag%3Damericakartco-20%26linkCode%3Dxm2%26camp%3D2025%26creative%3D165953%26creativeASIN%3D0446194050"
"06/27/2015 - 21:17:22","0446364193","James Patterson","528","Grand Central Publishing","$8.00","Along Came A Spider","1993-12-01","11929","http://www.amazon.com/Along-Came-Spider-James-Patterson/dp/0446364193%3FSubscriptionId%3DAKIAIRPO7XSMIHVQQ3BQ%26tag%3Damericakartco-20%26linkCode%3Dxm2%26camp%3D2025%26creative%3D165953%26creativeASIN%3D0446364193"
"06/27/2015 - 21:17:22","031615427X","James Patterson","432","Little, Brown and Company","$10.00","Saving the World: A Maximum Ride Novel (Book 3)","2008-07-01","13993","http://www.amazon.com/Saving-World-Maximum-Ride-Novel/dp/031615427X%3FSubscriptionId%3DAKIAIRPO7XSMIHVQQ3BQ%26tag%3Damericakartco-20%26linkCode%3Dxm2%26camp%3D2025%26creative%3D165953%26creativeASIN%3D031615427X"
"06/27/2015 - 21:17:22","0316038326","James Patterson","352","Little, Brown and Company","$10.00","Angel: A Maximum Ride Novel","2012-02-07","10005","http://www.amazon.com/Angel-A-Maximum-Ride-Novel/dp/0316038326%3FSubscriptionId%3DAKIAIRPO7XSMIHVQQ3BQ%26tag%3Damericakartco-20%26linkCode%3Dxm2%26camp%3D2025%26creative%3D165953%26creativeASIN%3D0316038326"
"06/27/2015 - 21:17:22","0446696641","James Patterson: Andrew Gross","352","Grand Central Publishing","$16.00","3rd Degree (Women's Murder Club)","2005-05-20","20530","http://www.amazon.com/3rd-Degree-Womens-Murder-Club/dp/0446696641%3FSubscriptionId%3DAKIAIRPO7XSMIHVQQ3BQ%26tag%3Damericakartco-20%26linkCode%3Dxm2%26camp%3D2025%26creative%3D165953%26creativeASIN%3D0446696641"
"06/27/2015 - 21:17:22","0316231754","James Patterson: Chris Tebbetts","336","Little, Brown and Company","$14.00","Middle School: How I Survived Bullies, Broccoli, and Snake Hill","2013-06-24","11600","http://www.amazon.com/Middle-School-Survived-Bullies-Broccoli/dp/0316231754%3FSubscriptionId%3DAKIAIRPO7XSMIHVQQ3BQ%26tag%3Damericakartco-20%26linkCode%3Dxm2%26camp%3D2025%26creative%3D165953%26creativeASIN%3D0316231754"
"06/27/2015 - 21:17:22","0316128252","James Patterson","1392","Little, Brown and Company","$29.99: $4.50","Maximum Ride Box Set (Maximum Ride, School's Out Forever, Saving the World)","2010-10-12","37360","http://www.amazon.com/Maximum-Schools-Forever-Saving-World/dp/0316128252%3FSubscriptionId%3DAKIAIRPO7XSMIHVQQ3BQ%26tag%3Damericakartco-20%26linkCode%3Dxm2%26camp%3D2025%26creative%3D165953%26creativeASIN%3D0316128252"
"06/27/2015 - 21:17:22","0446696633","James Patterson","400","Grand Central Publishing","$14.99","2nd Chance (Women's Murder Club)","2005-05-20","34421","http://www.amazon.com/2nd-Chance-Womens-Murder-Club/dp/0446696633%3FSubscriptionId%3DAKIAIRPO7XSMIHVQQ3BQ%26tag%3Damericakartco-20%26linkCode%3Dxm2%26camp%3D2025%26creative%3D165953%26creativeASIN%3D0446696633"
"06/27/2015 - 21:17:22","0316207705","James Patterson: Emily Raymond","384","Little, Brown and Company","$18.00","The Lost (Witch & Wizard)","2014-12-15","16917","http://www.amazon.com/Lost-Witch-Wizard-James-Patterson/dp/0316207705%3FSubscriptionId%3DAKIAIRPO7XSMIHVQQ3BQ%26tag%3Damericakartco-20%26linkCode%3Dxm2%26camp%3D2025%26creative%3D165953%26creativeASIN%3D0316207705"
"06/27/2015 - 21:17:22","0446571830","James Patterson: Maxine Paetro","416","Vision","$10.00","11th Hour (Women's Murder Club)","2013-06-25","9648","http://www.amazon.com/11th-Hour-Womens-Murder-Club/dp/0446571830%3FSubscriptionId%3DAKIAIRPO7XSMIHVQQ3BQ%26tag%3Damericakartco-20%26linkCode%3Dxm2%26camp%3D2025%26creative%3D165953%26creativeASIN%3D0446571830"
"06/27/2015 - 21:17:22","0316038318","James Patterson","368","Little, Brown and Company","$10.00","Fang: A Maximum Ride Novel","2011-01-04","13762","http://www.amazon.com/Fang-A-Maximum-Ride-Novel/dp/0316038318%3FSubscriptionId%3DAKIAIRPO7XSMIHVQQ3BQ%26tag%3Damericakartco-20%26linkCode%3Dxm2%26camp%3D2025%26creative%3D165953%26creativeASIN%3D0316038318"
"06/27/2015 - 21:17:22","0446194069","James Patterson","304","Grand Central Publishing","$7.99","Max (Maximum Ride, Book 5)","2010-02-01","18074","http://www.amazon.com/Max-Maximum-Ride-Book-5/dp/0446194069%3FSubscriptionId%3DAKIAIRPO7XSMIHVQQ3BQ%26tag%3Damericakartco-20%26linkCode%3Dxm2%26camp%3D2025%26creative%3D165953%26creativeASIN%3D0446194069"
"06/27/2015 - 21:17:22","0446571849","James Patterson","416","Vision","$10.00","Alex Cross, Run","2014-02-25","17179","http://www.amazon.com/Alex-Cross-Run-James-Patterson/dp/0446571849%3FSubscriptionId%3DAKIAIRPO7XSMIHVQQ3BQ%26tag%3Damericakartco-20%26linkCode%3Dxm2%26camp%3D2025%26creative%3D165953%26creativeASIN%3D0446571849"
"06/27/2015 - 21:17:22","1455511463","James Patterson: Maxine Paetro","400","Vision","$10.00","10th Anniversary (Women's Murder Club)","2012-12-18","15789","http://www.amazon.com/10th-Anniversary-Womens-Murder-Club/dp/1455511463%3FSubscriptionId%3DAKIAIRPO7XSMIHVQQ3BQ%26tag%3Damericakartco-20%26linkCode%3Dxm2%26camp%3D2025%26creative%3D165953%26creativeASIN%3D1455511463"
"06/27/2015 - 21:17:22","0446601241","James Patterson","496","Warner Books","$8.00","Kiss the Girls (Alex Cross)","1995-12-01","12070","http://www.amazon.com/Kiss-Girls-Cross-James-Patterson/dp/0446601241%3FSubscriptionId%3DAKIAIRPO7XSMIHVQQ3BQ%26tag%3Damericakartco-20%26linkCode%3Dxm2%26camp%3D2025%26creative%3D165953%26creativeASIN%3D0446601241"
"06/27/2015 - 21:17:22","0446199257","James Patterson: Maxine Paetro","400","Grand Central Publishing","$16.00","7th Heaven (Women's Murder Club)","2009-04-07","18413","http://www.amazon.com/7th-Heaven-Womens-Murder-Club/dp/0446199257%3FSubscriptionId%3DAKIAIRPO7XSMIHVQQ3BQ%26tag%3Damericakartco-20%26linkCode%3Dxm2%26camp%3D2025%26creative%3D165953%26creativeASIN%3D0446199257"
"06/27/2015 - 21:17:22","0316101761","James Patterson: Jill Dembowski","384","Little, Brown and Company","$10.00","The Kiss (Witch & Wizard)","2013-11-19","14312","http://www.amazon.com/Kiss-Witch-Wizard-James-Patterson/dp/0316101761%3FSubscriptionId%3DAKIAIRPO7XSMIHVQQ3BQ%26tag%3Damericakartco-20%26linkCode%3Dxm2%26camp%3D2025%26creative%3D165953%26creativeASIN%3D0316101761"
"06/27/2015 - 21:17:22","0446574716","James Patterson","384","Vision","$10.00","Cross Fire (Alex Cross)","2011-10-01","11328","http://www.amazon.com/Cross-Fire-Alex-James-Patterson/dp/0446574716%3FSubscriptionId%3DAKIAIRPO7XSMIHVQQ3BQ%26tag%3Damericakartco-20%26linkCode%3Dxm2%26camp%3D2025%26creative%3D165953%26creativeASIN%3D0446574716"
"06/27/2015 - 21:17:22","0446565660","James Patterson: Maxine Paetro","384","Vision","$10.00","The 9th Judgment (Women's Murder Club)","2012-02-01","15773","http://www.amazon.com/The-Judgment-Womens-Murder-Club/dp/0446565660%3FSubscriptionId%3DAKIAIRPO7XSMIHVQQ3BQ%26tag%3Damericakartco-20%26linkCode%3Dxm2%26camp%3D2025%26creative%3D165953%26creativeASIN%3D0446565660"
"06/27/2015 - 21:17:22","0446613363","James Patterson: Maxine Paetro","416","Warner Vision Books","$10.00","4th of July (Women's Murder Club, No 4)","2006-06-01","17598","http://www.amazon.com/4th-July-Womens-Murder-Club/dp/0446613363%3FSubscriptionId%3DAKIAIRPO7XSMIHVQQ3BQ%26tag%3Damericakartco-20%26linkCode%3Dxm2%26camp%3D2025%26creative%3D165953%26creativeASIN%3D0446613363"
"06/27/2015 - 21:17:22","0446604801","James Patterson","480","Vision","$8.00","Jack & Jill (Alex Cross)","1997-11-01","16732","http://www.amazon.com/Jack-Jill-Cross-James-Patterson/dp/0446604801%3FSubscriptionId%3DAKIAIRPO7XSMIHVQQ3BQ%26tag%3Damericakartco-20%26linkCode%3Dxm2%26camp%3D2025%26creative%3D165953%26creativeASIN%3D0446604801"
"06/27/2015 - 21:17:22","0759529744","James Patterson","208","Yen Press","$13.00","Maximum Ride: The Manga, Vol. 8","2014-07-29","24323","http://www.amazon.com/Maximum-Ride-The-Manga-Vol/dp/0759529744%3FSubscriptionId%3DAKIAIRPO7XSMIHVQQ3BQ%26tag%3Damericakartco-20%26linkCode%3Dxm2%26camp%3D2025%26creative%3D165953%26creativeASIN%3D0759529744"
"06/27/2015 - 21:17:22","0446606189","James Patterson","480","Vision","$7.99","Cat & Mouse (Alex Cross)","1998-11-01","12627","http://www.amazon.com/Mouse-Alex-Cross-James-Patterson/dp/0446606189%3FSubscriptionId%3DAKIAIRPO7XSMIHVQQ3BQ%26tag%3Damericakartco-20%26linkCode%3Dxm2%26camp%3D2025%26creative%3D165953%26creativeASIN%3D0446606189"
"06/27/2015 - 21:17:22","1455515906","James Patterson: Mark Sullivan","432","Vision","$10.00","Private L.A.","2015-01-27","25296","http://www.amazon.com/Private-L-A-James-Patterson/dp/1455515906%3FSubscriptionId%3DAKIAIRPO7XSMIHVQQ3BQ%26tag%3Damericakartco-20%26linkCode%3Dxm2%26camp%3D2025%26creative%3D165953%26creativeASIN%3D1455515906"
"06/27/2015 - 21:17:22","0446562459","James Patterson: Ned Rust","352","Grand Central Publishing","$7.99","The Gift (Witch & Wizard #2)","2012-03-01","20334","http://www.amazon.com/The-Gift-Witch-Wizard-2/dp/0446562459%3FSubscriptionId%3DAKIAIRPO7XSMIHVQQ3BQ%26tag%3Damericakartco-20%26linkCode%3Dxm2%26camp%3D2025%26creative%3D165953%26creativeASIN%3D0446562459"
"06/27/2015 - 21:17:22","0446618195","James Patterson: Maxine Paetro","464","Vision","$10.00","The 5th Horseman (Women's Murder Club)","2008-03-01","22241","http://www.amazon.com/The-Horseman-Womens-Murder-Club/dp/0446618195%3FSubscriptionId%3DAKIAIRPO7XSMIHVQQ3BQ%26tag%3Damericakartco-20%26linkCode%3Dxm2%26camp%3D2025%26creative%3D165953%26creativeASIN%3D0446618195"
"06/27/2015 - 21:17:22","0446198951","James Patterson: Maxine Paetro","416","Vision","$8.00","The 6th Target (Women's Murder Club)","2008-11-25","22713","http://www.amazon.com/The-Target-Womens-Murder-Club/dp/0446198951%3FSubscriptionId%3DAKIAIRPO7XSMIHVQQ3BQ%26tag%3Damericakartco-20%26linkCode%3Dxm2%26camp%3D2025%26creative%3D165953%26creativeASIN%3D0446198951"
"06/27/2015 - 21:17:22","0316207543","James Patterson: Lisa Papademetriou","304","Little, Brown and Company","$15.99","Middle School: My Brother Is a Big, Fat Liar","2013-03-18","21459","http://www.amazon.com/Middle-School-Brother-Big-Liar/dp/0316207543%3FSubscriptionId%3DAKIAIRPO7XSMIHVQQ3BQ%26tag%3Damericakartco-20%26linkCode%3Dxm2%26camp%3D2025%26creative%3D165953%26creativeASIN%3D0316207543"
"06/27/2015 - 21:17:22","0316127604","James Patterson: Michael Ledwidge","208","Yen Press","$25.99: $6.04","Zoo: The Graphic Novel (COMICS & GRAPHIC NOVELS)","2012-11-20","182694","http://www.amazon.com/Zoo-Graphic-COMICS-GRAPHIC-NOVELS/dp/0316127604%3FSubscriptionId%3DAKIAIRPO7XSMIHVQQ3BQ%26tag%3Damericakartco-20%26linkCode%3Dxm2%26camp%3D2025%26creative%3D165953%26creativeASIN%3D0316127604"
"06/27/2015 - 21:17:22","0446611212","James Patterson","416","Grand Central Publishing","$8.00","Violets Are Blue (Alex Cross)","2002-10-01","26268","http://www.amazon.com/Violets-Are-Blue-Alex-Cross/dp/0446611212%3FSubscriptionId%3DAKIAIRPO7XSMIHVQQ3BQ%26tag%3Damericakartco-20%26linkCode%3Dxm2%26camp%3D2025%26creative%3D165953%26creativeASIN%3D0446611212"
"06/27/2015 - 21:17:22","0446562432","James Patterson: Gabrielle Charbonnet","368","Grand Central Publishing","$8.00","Witch & Wizard","2011-03-01","22758","http://www.amazon.com/Witch-Wizard-James-Patterson/dp/0446562432%3FSubscriptionId%3DAKIAIRPO7XSMIHVQQ3BQ%26tag%3Damericakartco-20%26linkCode%3Dxm2%26camp%3D2025%26creative%3D165953%26creativeASIN%3D0446562432"
"06/27/2015 - 21:17:22","1455515957","James Patterson: Howard Roughan","432","Grand Central Publishing","$16.00","Second Honeymoon","2014-02-04","18140","http://www.amazon.com/Second-Honeymoon-James-Patterson/dp/1455515957%3FSubscriptionId%3DAKIAIRPO7XSMIHVQQ3BQ%26tag%3Damericakartco-20%26linkCode%3Dxm2%26camp%3D2025%26creative%3D165953%26creativeASIN%3D1455515957"
"06/27/2015 - 21:17:22","1455529850","James Patterson: Howard Roughan","384","Grand Central Publishing","$10.00","Honeymoon","2014-05-27","14280","http://www.amazon.com/Honeymoon-James-Patterson/dp/1455529850%3FSubscriptionId%3DAKIAIRPO7XSMIHVQQ3BQ%26tag%3Damericakartco-20%26linkCode%3Dxm2%26camp%3D2025%26creative%3D165953%26creativeASIN%3D1455529850"
"06/27/2015 - 21:17:22","1455599786","James Patterson: Michael Ledwidge","388","Grand Central Publishing","$10.00","Step on a Crack (Michael Bennett)","2013-08-06","18849","http://www.amazon.com/Crack-Michael-Bennett-James-Patterson/dp/1455599786%3FSubscriptionId%3DAKIAIRPO7XSMIHVQQ3BQ%26tag%3Damericakartco-20%26linkCode%3Dxm2%26camp%3D2025%26creative%3D165953%26creativeASIN%3D1455599786"
"06/27/2015 - 21:17:22","0446561347","James Patterson: Maxine Paetro","384","Grand Central Publishing","$10.00","The 8th Confession (Women's Murder Club)","2010-08-01","22494","http://www.amazon.com/The-Confession-Womens-Murder-Club/dp/0446561347%3FSubscriptionId%3DAKIAIRPO7XSMIHVQQ3BQ%26tag%3Damericakartco-20%26linkCode%3Dxm2%26camp%3D2025%26creative%3D165953%26creativeASIN%3D0446561347"
"06/27/2015 - 21:17:22","1455521523","James Patterson: Jill Dembowski","352","Grand Central Publishing","$8.00","The Fire (Witch & Wizard)","2013-07-30","30063","http://www.amazon.com/Fire-Witch-Wizard-James-Patterson/dp/1455521523%3FSubscriptionId%3DAKIAIRPO7XSMIHVQQ3BQ%26tag%3Damericakartco-20%26linkCode%3Dxm2%26camp%3D2025%26creative%3D165953%26creativeASIN%3D1455521523"
"06/27/2015 - 21:17:22","0446605484","James Patterson","416","Vision","$8.00","Roses Are Red (Alex Cross)","2001-10-01","12432","http://www.amazon.com/Roses-Are-Red-Alex-Cross/dp/0446605484%3FSubscriptionId%3DAKIAIRPO7XSMIHVQQ3BQ%26tag%3Damericakartco-20%26linkCode%3Dxm2%26camp%3D2025%26creative%3D165953%26creativeASIN%3D0446605484"
"06/27/2015 - 21:17:22","031620692X","James Patterson: Chris Grabenstein","320","Little, Brown and Company","$8.00","I Funny: A Middle School Story","2015-01-26","71710","http://www.amazon.com/Funny-Middle-School-Story/dp/031620692X%3FSubscriptionId%3DAKIAIRPO7XSMIHVQQ3BQ%26tag%3Damericakartco-20%26linkCode%3Dxm2%26camp%3D2025%26creative%3D165953%26creativeASIN%3D031620692X"
"06/27/2015 - 21:17:22","0316207454","James Patterson: Chris Grabenstein","272","Little, Brown and Company","$17.00","Daniel X: Lights Out","2015-07-13","32801","http://www.amazon.com/Daniel-X-Lights-James-Patterson/dp/0316207454%3FSubscriptionId%3DAKIAIRPO7XSMIHVQQ3BQ%26tag%3Damericakartco-20%26linkCode%3Dxm2%26camp%3D2025%26creative%3D165953%26creativeASIN%3D0316207454"
"06/27/2015 - 21:17:22","0759529736","James Patterson","208","Yen Press","$13.00","Maximum Ride: The Manga, Vol. 7","2013-10-29","63542","http://www.amazon.com/Maximum-Ride-The-Manga-Vol/dp/0759529736%3FSubscriptionId%3DAKIAIRPO7XSMIHVQQ3BQ%26tag%3Damericakartco-20%26linkCode%3Dxm2%26camp%3D2025%26creative%3D165953%26creativeASIN%3D0759529736"
"06/27/2015 - 21:17:22","1455599824","James Patterson: Michael Ledwidge","384","Grand Central Publishing","$10.00","Tick Tock (Michael Bennett)","2013-08-06","26420","http://www.amazon.com/Tick-Michael-Bennett-James-Patterson/dp/1455599824%3FSubscriptionId%3DAKIAIRPO7XSMIHVQQ3BQ%26tag%3Damericakartco-20%26linkCode%3Dxm2%26camp%3D2025%26creative%3D165953%26creativeASIN%3D1455599824"
"06/27/2015 - 21:17:22","0446608815","James Patterson","480","Grand Central Publishing","$8.00","Pop Goes the Weasel (Alex Cross)","2000-10-01","18552","http://www.amazon.com/Pop-Goes-Weasel-Alex-Cross/dp/0446608815%3FSubscriptionId%3DAKIAIRPO7XSMIHVQQ3BQ%26tag%3Damericakartco-20%26linkCode%3Dxm2%26camp%3D2025%26creative%3D165953%26creativeASIN%3D0446608815"
"06/27/2015 - 21:17:22","1455515949","James Patterson: Mark Sullivan","448","Grand Central Publishing","$10.00","Private Berlin","2014-04-29","37524","http://www.amazon.com/Private-Berlin-James-Patterson/dp/1455515949%3FSubscriptionId%3DAKIAIRPO7XSMIHVQQ3BQ%26tag%3Damericakartco-20%26linkCode%3Dxm2%26camp%3D2025%26creative%3D165953%26creativeASIN%3D1455515949"
"06/27/2015 - 21:17:22","0393925722","","2660","W. W. Norton & Company","$61.95: $2.00","The Norton Anthology of Western Literature, Volume 1","2005-08-02","24347","http://www.amazon.com/Norton-Anthology-Western-Literature-Volume/dp/0393925722%3FSubscriptionId%3DAKIAIRPO7XSMIHVQQ3BQ%26tag%3Damericakartco-20%26linkCode%3Dxm2%26camp%3D2025%26creative%3D165953%26creativeASIN%3D0393925722"
"06/27/2015 - 21:17:22","0446574724","James Patterson: Maxine Paetro","400","Vision","$9.99","Private","2011-08-01","21328","http://www.amazon.com/Private-James-Patterson/dp/0446574724%3FSubscriptionId%3DAKIAIRPO7XSMIHVQQ3BQ%26tag%3Damericakartco-20%26linkCode%3Dxm2%26camp%3D2025%26creative%3D165953%26creativeASIN%3D0446574724"
"06/27/2015 - 21:17:22","1455513024","James Patterson: Mark Sullivan","464","Grand Central Publishing","$14.99","Private Games","2012-07-03","31996","http://www.amazon.com/Private-Games-James-Patterson/dp/1455513024%3FSubscriptionId%3DAKIAIRPO7XSMIHVQQ3BQ%26tag%3Damericakartco-20%26linkCode%3Dxm2%26camp%3D2025%26creative%3D165953%26creativeASIN%3D1455513024"
"06/27/2015 - 21:17:22","1455599816","James Patterson: Michael Ledwidge","368","Grand Central Publishing","$10.00","Run for Your Life (Michael Bennett)","2013-08-06","22581","http://www.amazon.com/Run-Your-Life-Michael-Bennett/dp/1455599816%3FSubscriptionId%3DAKIAIRPO7XSMIHVQQ3BQ%26tag%3Damericakartco-20%26linkCode%3Dxm2%26camp%3D2025%26creative%3D165953%26creativeASIN%3D1455599816"
"06/27/2015 - 21:17:22","1433537125","","576","Crossway","$25.00: $6.76","Recovering Biblical Manhood and Womanhood (Redesign): A Response to Evangelical Feminism","2012-11-30","76441","http://www.amazon.com/Recovering-Biblical-Manhood-Womanhood-Redesign/dp/1433537125%3FSubscriptionId%3DAKIAIRPO7XSMIHVQQ3BQ%26tag%3Damericakartco-20%26linkCode%3Dxm2%26camp%3D2025%26creative%3D165953%26creativeASIN%3D1433537125"
"06/27/2015 - 21:17:22","0446571784","James Patterson: Maxine Paetro","432","Grand Central Publishing","$14.99","Private: #1 Suspect","2013-01-15","33770","http://www.amazon.com/Private-1-Suspect-James-Patterson/dp/0446571784%3FSubscriptionId%3DAKIAIRPO7XSMIHVQQ3BQ%26tag%3Damericakartco-20%26linkCode%3Dxm2%26camp%3D2025%26creative%3D165953%26creativeASIN%3D0446571784"
"06/27/2015 - 21:17:22","0446610224","James Patterson","432","Grand Central Publishing","$8.00","The Big Bad Wolf (Alex Cross)","2004-10-01","23338","http://www.amazon.com/The-Big-Wolf-Alex-Cross/dp/0446610224%3FSubscriptionId%3DAKIAIRPO7XSMIHVQQ3BQ%26tag%3Damericakartco-20%26linkCode%3Dxm2%26camp%3D2025%26creative%3D165953%26creativeASIN%3D0446610224"
"06/27/2015 - 21:17:22","0446198986","James Patterson","432","Vision","$10.00","Double Cross (Alex Cross, Book 13)","2008-10-01","26722","http://www.amazon.com/Double-Cross-Alex-Book-13/dp/0446198986%3FSubscriptionId%3DAKIAIRPO7XSMIHVQQ3BQ%26tag%3Damericakartco-20%26linkCode%3Dxm2%26camp%3D2025%26creative%3D165953%26creativeASIN%3D0446198986"
"06/27/2015 - 21:17:22","1455599832","James Patterson: Michael Ledwidge","368","Grand Central Publishing","$10.00","Worst Case (Michael Bennett)","2013-08-06","24850","http://www.amazon.com/Worst-Michael-Bennett-James-Patterson/dp/1455599832%3FSubscriptionId%3DAKIAIRPO7XSMIHVQQ3BQ%26tag%3Damericakartco-20%26linkCode%3Dxm2%26camp%3D2025%26creative%3D165953%26creativeASIN%3D1455599832"
"06/27/2015 - 21:17:22","0759529515","James Patterson","256","Yen Press","$13.00","Maximum Ride: The Manga, Vol. 1","2009-01-27","59521","http://www.amazon.com/Maximum-Ride-The-Manga-Vol/dp/0759529515%3FSubscriptionId%3DAKIAIRPO7XSMIHVQQ3BQ%26tag%3Damericakartco-20%26linkCode%3Dxm2%26camp%3D2025%26creative%3D165953%26creativeASIN%3D0759529515"
"06/27/2015 - 21:17:22","0446613266","James Patterson","416","Grand Central Publishing","$7.99","Four Blind Mice (Alex Cross #8)","2003-10-01","22184","http://www.amazon.com/Four-Blind-Mice-Alex-Cross/dp/0446613266%3FSubscriptionId%3DAKIAIRPO7XSMIHVQQ3BQ%26tag%3Damericakartco-20%26linkCode%3Dxm2%26camp%3D2025%26creative%3D165953%26creativeASIN%3D0446613266"
"06/27/2015 - 21:17:22","145551019X","James Patterson","400","Vision","$10.00","Kill Alex Cross","2012-11-20","15712","http://www.amazon.com/Kill-Alex-Cross-James-Patterson/dp/145551019X%3FSubscriptionId%3DAKIAIRPO7XSMIHVQQ3BQ%26tag%3Damericakartco-20%26linkCode%3Dxm2%26camp%3D2025%26creative%3D165953%26creativeASIN%3D145551019X"
"06/27/2015 - 21:17:22","0759529728","James Patterson","208","Yen Press","$13.00","Maximum Ride: The Manga, Vol. 6","2012-12-11","67964","http://www.amazon.com/Maximum-Ride-The-Manga-Vol/dp/0759529728%3FSubscriptionId%3DAKIAIRPO7XSMIHVQQ3BQ%26tag%3Damericakartco-20%26linkCode%3Dxm2%26camp%3D2025%26creative%3D165953%26creativeASIN%3D0759529728"
